UserID,Acquisition Channel,Engagement Score,Churned
U0001,Google Ads,32,Yes
U0002,Facebook,0,Yes
U0003,Facebook,18,Yes
U0004,Facebook,30,Yes
U0005,Email,79,No
U0006,Email,13,Yes
U0007,Email,52,Yes
U0008,Twitter,47,No
U0009,Google Ads,68,Yes
U0010,Google Ads,89,No
U0011,LinkedIn,61,No
U0012,Facebook,91,No
U0013,Twitter,65,No
U0014,Facebook,63,Yes
U0015,Twitter,69,Yes
U0016,Facebook,62,Yes
U0017,LinkedIn,72,Yes
U0018,Google Ads,32,Yes
U0019,Twitter,40,Yes
U0020,Facebook,88,Yes
U0021,Email,47,Yes
U0022,Twitter,12,Yes
U0023,Google Ads,72,No
U0024,Email,76,No
U0025,Email,30,Yes
U0026,Google Ads,74,No
U0027,Email,67,No
U0028,Email,97,No
U0029,Twitter,3,Yes
U0030,Facebook,18,No
U0031,Google Ads,69,No
U0032,Twitter,97,No
U0033,LinkedIn,81,Yes
U0034,Google Ads,12,Yes
U0035,Email,22,No
U0036,Google Ads,82,No
U0037,Facebook,74,Yes
U0038,Google Ads,0,Yes
U0039,Google Ads,87,No
U0040,Email,53,No
U0041,Facebook,70,No
U0042,Twitter,88,Yes
U0043,Twitter,84,No
U0044,Email,14,Yes
U0045,Google Ads,64,Yes
U0046,Google Ads,75,No
U0047,LinkedIn,70,No
U0048,Email,14,Yes
U0049,Facebook,20,Yes
U0050,Twitter,18,No
U0051,LinkedIn,59,Yes
U0052,Twitter,92,No
U0053,Email,88,Yes
U0054,Email,32,Yes
U0055,Google Ads,48,No
U0056,Twitter,95,Yes
U0057,LinkedIn,34,No
U0058,Facebook,43,Yes
U0059,Facebook,89,No
U0060,Google Ads,10,Yes
U0061,LinkedIn,98,Yes
U0062,Twitter,71,No
U0063,Facebook,77,Yes
U0064,Email,73,Yes
U0065,Google Ads,65,Yes
U0066,Twitter,45,Yes
U0067,LinkedIn,8,Yes
U0068,LinkedIn,2,Yes
U0069,Google Ads,84,Yes
U0070,Google Ads,25,Yes
U0071,Google Ads,71,Yes
U0072,Facebook,47,Yes
U0073,LinkedIn,65,Yes
U0074,LinkedIn,69,No
U0075,Twitter,27,Yes
U0076,Twitter,92,Yes
U0077,Email,25,No
U0078,LinkedIn,24,Yes
U0079,Twitter,11,Yes
U0080,LinkedIn,4,Yes
U0081,Facebook,97,No
U0082,Google Ads,47,Yes
U0083,Facebook,36,Yes
U0084,Twitter,78,Yes
U0085,Email,43,Yes
U0086,Facebook,99,No
U0087,Email,14,No
U0088,Email,42,Yes
U0089,Google Ads,47,Yes
U0090,Facebook,86,No
U0091,Email,69,No
U0092,Google Ads,45,Yes
U0093,LinkedIn,42,Yes
U0094,Google Ads,20,Yes
U0095,LinkedIn,22,Yes
U0096,Email,79,No
U0097,Email,46,No
U0098,LinkedIn,14,Yes
U0099,Google Ads,24,Yes
U0100,Facebook,35,No
U0101,Facebook,74,Yes
U0102,LinkedIn,50,No
U0103,Email,14,Yes
U0104,Email,67,No
U0105,Facebook,20,Yes
U0106,Facebook,12,Yes
U0107,Facebook,85,No
U0108,Google Ads,18,Yes
U0109,Email,33,Yes
U0110,Google Ads,77,No
U0111,Google Ads,67,Yes
U0112,Twitter,51,Yes
U0113,Google Ads,26,Yes
U0114,Google Ads,28,Yes
U0115,LinkedIn,27,Yes
U0116,Google Ads,34,Yes
U0117,Email,7,Yes
U0118,LinkedIn,15,No
U0119,Twitter,35,Yes
U0120,Facebook,29,Yes
U0121,Twitter,17,No
U0122,Google Ads,1,Yes
U0123,Google Ads,48,No
U0124,Google Ads,76,Yes
U0125,Twitter,3,No
U0126,Google Ads,89,Yes
U0127,Google Ads,88,No
U0128,Email,93,Yes
U0129,Facebook,74,No
U0130,Facebook,6,Yes
U0131,Facebook,94,No
U0132,Facebook,73,Yes
U0133,Facebook,38,Yes
U0134,Facebook,12,Yes
U0135,Email,30,Yes
U0136,Facebook,70,Yes
U0137,Google Ads,62,Yes
U0138,LinkedIn,55,Yes
U0139,Google Ads,41,No
U0140,Email,60,Yes
U0141,Facebook,41,Yes
U0142,Facebook,55,No
U0143,Facebook,35,Yes
U0144,Facebook,83,No
U0145,Google Ads,67,No
U0146,Facebook,6,Yes
U0147,Facebook,53,Yes
U0148,Facebook,0,Yes
U0149,Google Ads,43,No
U0150,Facebook,44,Yes
U0151,Google Ads,46,Yes
U0152,Google Ads,12,Yes
U0153,Email,21,Yes
U0154,Facebook,20,Yes
U0155,LinkedIn,85,No
U0156,Email,91,Yes
U0157,Facebook,8,Yes
U0158,LinkedIn,25,Yes
U0159,Twitter,8,Yes
U0160,Facebook,14,Yes
U0161,Google Ads,9,Yes
U0162,LinkedIn,87,Yes
U0163,Email,41,Yes
U0164,Facebook,71,Yes
U0165,Facebook,23,No
U0166,Google Ads,79,No
U0167,Google Ads,48,No
U0168,Email,25,Yes
U0169,Google Ads,90,Yes
U0170,Google Ads,36,Yes
U0171,Email,67,No
U0172,Facebook,49,Yes
U0173,Google Ads,23,Yes
U0174,Email,18,Yes
U0175,LinkedIn,99,No
U0176,Google Ads,59,Yes
U0177,Google Ads,38,No
U0178,Facebook,73,Yes
U0179,Google Ads,88,Yes
U0180,Google Ads,17,Yes
U0181,Facebook,18,Yes
U0182,Google Ads,35,Yes
U0183,Google Ads,73,Yes
U0184,Facebook,96,Yes
U0185,Google Ads,54,No
U0186,Facebook,68,Yes
U0187,Google Ads,46,Yes
U0188,Facebook,48,Yes
U0189,LinkedIn,98,Yes
U0190,Email,97,No
U0191,Email,32,Yes
U0192,LinkedIn,20,No
U0193,Google Ads,80,No
U0194,Facebook,21,Yes
U0195,Google Ads,47,Yes
U0196,Email,36,No
U0197,Email,14,Yes
U0198,Google Ads,34,Yes
U0199,Facebook,91,No
U0200,Google Ads,70,Yes
U0201,Google Ads,31,Yes
U0202,Email,10,Yes
U0203,Email,9,Yes
U0204,Google Ads,72,Yes
U0205,Twitter,77,Yes
U0206,Email,76,Yes
U0207,Facebook,56,No
U0208,Facebook,24,Yes
U0209,Facebook,1,Yes
U0210,Facebook,63,No
U0211,Facebook,34,Yes
U0212,Facebook,6,Yes
U0213,Google Ads,84,No
U0214,Facebook,17,Yes
U0215,LinkedIn,66,Yes
U0216,Facebook,41,Yes
U0217,Google Ads,38,Yes
U0218,Google Ads,40,No
U0219,Twitter,74,Yes
U0220,Facebook,23,Yes
U0221,Google Ads,59,Yes
U0222,Twitter,45,No
U0223,LinkedIn,18,Yes
U0224,LinkedIn,67,Yes
U0225,Google Ads,89,Yes
U0226,Facebook,41,Yes
U0227,Email,31,Yes
U0228,Twitter,38,No
U0229,Email,35,Yes
U0230,Email,100,No
U0231,Google Ads,96,Yes
U0232,LinkedIn,35,No
U0233,Facebook,2,Yes
U0234,Google Ads,72,Yes
U0235,Google Ads,7,Yes
U0236,Google Ads,96,No
U0237,Facebook,69,No
U0238,Facebook,40,No
U0239,Email,67,No
U0240,Google Ads,12,Yes
U0241,Email,48,Yes
U0242,Facebook,59,No
U0243,Google Ads,1,Yes
U0244,Google Ads,59,Yes
U0245,Facebook,4,Yes
U0246,Google Ads,43,Yes
U0247,Facebook,26,Yes
U0248,Facebook,31,No
U0249,Twitter,20,Yes
U0250,Google Ads,7,Yes
U0251,LinkedIn,71,No
U0252,Google Ads,49,Yes
U0253,Email,66,No
U0254,LinkedIn,43,Yes
U0255,Email,57,Yes
U0256,Google Ads,2,Yes
U0257,Google Ads,85,No
U0258,Google Ads,69,No
U0259,Twitter,1,Yes
U0260,LinkedIn,86,Yes
U0261,Twitter,43,Yes
U0262,Facebook,1,Yes
U0263,Email,80,No
U0264,Twitter,34,Yes
U0265,Facebook,97,No
U0266,Facebook,86,No
U0267,Email,29,Yes
U0268,Email,7,Yes
U0269,LinkedIn,21,Yes
U0270,Facebook,43,No
U0271,LinkedIn,57,No
U0272,Facebook,35,No
U0273,Facebook,68,No
U0274,Facebook,76,Yes
U0275,LinkedIn,92,No
U0276,Email,30,Yes
U0277,Google Ads,46,Yes
U0278,Google Ads,54,No
U0279,LinkedIn,79,Yes
U0280,Google Ads,61,Yes
U0281,LinkedIn,29,Yes
U0282,Google Ads,54,No
U0283,Google Ads,15,Yes
U0284,Google Ads,11,Yes
U0285,Google Ads,16,Yes
U0286,Email,15,Yes
U0287,Google Ads,11,Yes
U0288,Facebook,7,Yes
U0289,LinkedIn,83,Yes
U0290,Google Ads,2,Yes
U0291,Google Ads,15,Yes
U0292,Twitter,29,Yes
U0293,Email,22,Yes
U0294,Facebook,91,No
U0295,Twitter,4,Yes
U0296,Email,83,No
U0297,Google Ads,64,No
U0298,Facebook,29,Yes
U0299,LinkedIn,20,Yes
U0300,Email,83,No
U0301,Google Ads,69,Yes
U0302,LinkedIn,21,Yes
U0303,LinkedIn,81,No
U0304,Facebook,71,Yes
U0305,Google Ads,31,Yes
U0306,Facebook,32,Yes
U0307,Email,15,Yes
U0308,Facebook,75,Yes
U0309,Email,37,Yes
U0310,LinkedIn,97,No
U0311,LinkedIn,13,Yes
U0312,Google Ads,35,Yes
U0313,LinkedIn,96,No
U0314,Facebook,22,Yes
U0315,LinkedIn,65,No
U0316,Facebook,84,No
U0317,Google Ads,1,Yes
U0318,LinkedIn,90,No
U0319,Facebook,72,No
U0320,Facebook,64,No
U0321,Email,74,No
U0322,Email,66,Yes
U0323,Email,51,Yes
U0324,Email,61,No
U0325,Google Ads,22,Yes
U0326,Google Ads,25,No
U0327,Google Ads,67,Yes
U0328,Facebook,81,No
U0329,Twitter,54,Yes
U0330,Email,5,Yes
U0331,Google Ads,34,No
U0332,Google Ads,21,Yes
U0333,Twitter,42,Yes
U0334,Facebook,14,Yes
U0335,Email,85,No
U0336,Google Ads,59,Yes
U0337,Email,100,No
U0338,Facebook,11,Yes
U0339,LinkedIn,48,Yes
U0340,Twitter,41,Yes
U0341,Email,37,Yes
U0342,Email,81,No
U0343,Twitter,44,No
U0344,Email,34,Yes
U0345,Facebook,29,Yes
U0346,Email,87,Yes
U0347,Email,29,Yes
U0348,Google Ads,77,No
U0349,Email,5,No
U0350,Twitter,66,No
U0351,Twitter,79,Yes
U0352,Google Ads,6,Yes
U0353,Facebook,51,Yes
U0354,Twitter,13,Yes
U0355,LinkedIn,72,Yes
U0356,Facebook,14,Yes
U0357,Twitter,20,Yes
U0358,LinkedIn,34,No
U0359,Google Ads,65,No
U0360,Email,90,No
U0361,Google Ads,1,Yes
U0362,Facebook,34,Yes
U0363,Google Ads,81,No
U0364,LinkedIn,77,Yes
U0365,Facebook,19,Yes
U0366,Google Ads,81,No
U0367,Google Ads,9,Yes
U0368,Google Ads,24,No
U0369,Twitter,65,Yes
U0370,Google Ads,24,Yes
U0371,Google Ads,53,Yes
U0372,Email,32,Yes
U0373,Google Ads,35,Yes
U0374,Facebook,94,No
U0375,Google Ads,13,Yes
U0376,Facebook,64,No
U0377,Facebook,79,No
U0378,Google Ads,53,No
U0379,Google Ads,51,Yes
U0380,Twitter,2,Yes
U0381,Google Ads,98,Yes
U0382,Email,40,No
U0383,Email,5,Yes
U0384,Facebook,24,Yes
U0385,Email,12,Yes
U0386,Facebook,97,No
U0387,Twitter,7,Yes
U0388,Facebook,20,Yes
U0389,Google Ads,97,Yes
U0390,Facebook,67,Yes
U0391,Twitter,24,Yes
U0392,Google Ads,78,Yes
U0393,Email,67,Yes
U0394,Facebook,44,Yes
U0395,Email,59,No
U0396,Facebook,11,No
U0397,LinkedIn,31,Yes
U0398,Facebook,95,No
U0399,Facebook,91,Yes
U0400,Facebook,12,Yes
U0401,Google Ads,30,Yes
U0402,Email,77,No
U0403,Facebook,19,Yes
U0404,LinkedIn,17,Yes
U0405,Google Ads,92,No
U0406,Google Ads,59,Yes
U0407,Google Ads,62,No
U0408,Google Ads,5,Yes
U0409,Email,31,Yes
U0410,Facebook,92,Yes
U0411,Facebook,42,Yes
U0412,LinkedIn,1,Yes
U0413,Twitter,59,Yes
U0414,Google Ads,22,Yes
U0415,Google Ads,82,Yes
U0416,Email,30,Yes
U0417,Google Ads,4,No
U0418,Facebook,82,No
U0419,Facebook,33,Yes
U0420,Email,9,Yes
U0421,Email,88,No
U0422,Facebook,1,Yes
U0423,Facebook,10,Yes
U0424,Facebook,49,Yes
U0425,Email,30,Yes
U0426,Facebook,55,No
U0427,Facebook,78,No
U0428,LinkedIn,72,No
U0429,Facebook,86,Yes
U0430,Email,82,Yes
U0431,Facebook,8,Yes
U0432,Facebook,98,Yes
U0433,Facebook,20,Yes
U0434,Email,72,No
U0435,LinkedIn,27,Yes
U0436,LinkedIn,61,No
U0437,Google Ads,6,Yes
U0438,Email,79,Yes
U0439,Facebook,15,Yes
U0440,Google Ads,96,Yes
U0441,LinkedIn,3,No
U0442,Facebook,3,Yes
U0443,Facebook,39,No
U0444,Facebook,16,Yes
U0445,Facebook,100,No
U0446,Facebook,51,Yes
U0447,Email,92,No
U0448,Google Ads,51,Yes
U0449,LinkedIn,35,Yes
U0450,LinkedIn,37,Yes
U0451,Google Ads,49,No
U0452,Google Ads,62,No
U0453,Google Ads,100,Yes
U0454,Email,62,No
U0455,Google Ads,61,No
U0456,Email,98,No
U0457,Google Ads,6,Yes
U0458,Email,26,Yes
U0459,Google Ads,91,No
U0460,Google Ads,85,Yes
U0461,Twitter,13,Yes
U0462,LinkedIn,70,Yes
U0463,Facebook,100,No
U0464,LinkedIn,85,Yes
U0465,Google Ads,4,Yes
U0466,LinkedIn,54,No
U0467,LinkedIn,1,Yes
U0468,Google Ads,61,Yes
U0469,Facebook,90,Yes
U0470,Google Ads,20,Yes
U0471,Google Ads,78,No
U0472,Email,20,Yes
U0473,Google Ads,9,Yes
U0474,Facebook,86,No
U0475,LinkedIn,57,Yes
U0476,Twitter,38,Yes
U0477,Google Ads,4,Yes
U0478,Facebook,64,Yes
U0479,Google Ads,12,Yes
U0480,Facebook,84,No
U0481,Twitter,89,No
U0482,Facebook,84,No
U0483,Email,52,Yes
U0484,Google Ads,81,No
U0485,Email,100,No
U0486,Email,44,No
U0487,LinkedIn,31,Yes
U0488,Facebook,35,Yes
U0489,Facebook,80,No
U0490,Facebook,98,No
U0491,Twitter,59,Yes
U0492,LinkedIn,10,Yes
U0493,Email,62,Yes
U0494,Email,20,Yes
U0495,Email,51,No
U0496,Facebook,54,Yes
U0497,Twitter,25,Yes
U0498,Google Ads,67,No
U0499,Google Ads,33,Yes
U0500,Google Ads,51,Yes
U0501,Facebook,81,No
U0502,Facebook,98,No
U0503,Email,92,No
U0504,Facebook,51,Yes
U0505,Email,28,Yes
U0506,Facebook,37,Yes
U0507,Google Ads,41,No
U0508,Google Ads,20,Yes
U0509,Google Ads,41,Yes
U0510,Email,12,Yes
U0511,Google Ads,63,No
U0512,Email,16,Yes
U0513,Google Ads,8,Yes
U0514,Email,40,Yes
U0515,Twitter,0,Yes
U0516,Email,1,Yes
U0517,Facebook,59,Yes
U0518,Facebook,47,No
U0519,Google Ads,28,Yes
U0520,Email,96,No
U0521,Facebook,9,Yes
U0522,Google Ads,57,Yes
U0523,Email,59,Yes
U0524,Google Ads,20,Yes
U0525,LinkedIn,27,No
U0526,Facebook,74,Yes
U0527,Facebook,33,No
U0528,Email,7,Yes
U0529,Google Ads,58,Yes
U0530,Email,85,No
U0531,Google Ads,71,No
U0532,Facebook,48,Yes
U0533,LinkedIn,78,Yes
U0534,LinkedIn,16,No
U0535,Email,59,Yes
U0536,Google Ads,86,No
U0537,Email,87,Yes
U0538,Google Ads,44,Yes
U0539,Facebook,82,No
U0540,Twitter,68,Yes
U0541,Facebook,31,Yes
U0542,Twitter,43,No
U0543,Google Ads,64,No
U0544,Facebook,86,Yes
U0545,Google Ads,100,No
U0546,LinkedIn,7,Yes
U0547,Email,76,Yes
U0548,LinkedIn,71,Yes
U0549,Email,86,No
U0550,Email,42,Yes
U0551,LinkedIn,0,Yes
U0552,Facebook,50,No
U0553,Google Ads,23,Yes
U0554,Facebook,98,No
U0555,Twitter,23,Yes
U0556,Twitter,16,No
U0557,Facebook,4,Yes
U0558,Email,19,Yes
U0559,Twitter,20,Yes
U0560,Facebook,57,No
U0561,Email,30,Yes
U0562,Twitter,99,No
U0563,Facebook,10,Yes
U0564,Email,51,No
U0565,Google Ads,14,Yes
U0566,Twitter,82,Yes
U0567,Twitter,6,Yes
U0568,Twitter,27,Yes
U0569,Google Ads,50,Yes
U0570,LinkedIn,57,No
U0571,LinkedIn,4,Yes
U0572,Google Ads,4,Yes
U0573,LinkedIn,93,Yes
U0574,Facebook,95,Yes
U0575,Email,7,Yes
U0576,Facebook,63,No
U0577,Facebook,9,Yes
U0578,Facebook,37,Yes
U0579,Email,95,Yes
U0580,Google Ads,91,No
U0581,Email,80,Yes
U0582,Facebook,94,Yes
U0583,Google Ads,7,Yes
U0584,Google Ads,24,Yes
U0585,LinkedIn,72,Yes
U0586,Google Ads,65,No
U0587,Email,78,No
U0588,LinkedIn,49,Yes
U0589,Email,66,No
U0590,Facebook,48,No
U0591,Facebook,35,No
U0592,LinkedIn,67,Yes
U0593,Facebook,77,No
U0594,LinkedIn,40,Yes
U0595,Google Ads,88,No
U0596,Twitter,61,No
U0597,LinkedIn,9,Yes
U0598,Twitter,20,Yes
U0599,Google Ads,35,No
U0600,LinkedIn,11,Yes
U0601,Google Ads,90,Yes
U0602,Google Ads,1,Yes
U0603,Email,12,Yes
U0604,LinkedIn,52,Yes
U0605,Twitter,31,Yes
U0606,LinkedIn,94,Yes
U0607,Google Ads,15,Yes
U0608,Google Ads,31,Yes
U0609,Email,31,Yes
U0610,Facebook,97,No
U0611,Facebook,10,Yes
U0612,Google Ads,9,Yes
U0613,Google Ads,14,Yes
U0614,Google Ads,16,Yes
U0615,Facebook,39,Yes
U0616,Facebook,17,Yes
U0617,Facebook,54,Yes
U0618,Twitter,72,Yes
U0619,Google Ads,24,Yes
U0620,Google Ads,58,Yes
U0621,Email,77,No
U0622,Facebook,88,No
U0623,Twitter,21,Yes
U0624,LinkedIn,29,Yes
U0625,Facebook,83,Yes
U0626,Google Ads,84,Yes
U0627,LinkedIn,43,Yes
U0628,Twitter,31,Yes
U0629,Google Ads,50,Yes
U0630,Email,45,No
U0631,Facebook,20,Yes
U0632,Twitter,98,No
U0633,Facebook,31,No
U0634,Twitter,93,No
U0635,Email,38,Yes
U0636,Email,11,Yes
U0637,Google Ads,46,Yes
U0638,Facebook,17,No
U0639,Facebook,20,Yes
U0640,Facebook,12,No
U0641,Facebook,20,Yes
U0642,LinkedIn,7,Yes
U0643,Google Ads,45,Yes
U0644,Facebook,6,Yes
U0645,Twitter,22,Yes
U0646,LinkedIn,95,Yes
U0647,Twitter,74,Yes
U0648,Twitter,85,No
U0649,Facebook,21,Yes
U0650,Google Ads,88,Yes
U0651,LinkedIn,21,Yes
U0652,Email,91,Yes
U0653,Facebook,28,Yes
U0654,LinkedIn,12,Yes
U0655,Facebook,81,Yes
U0656,Facebook,1,Yes
U0657,Google Ads,28,No
U0658,Email,84,No
U0659,Email,78,No
U0660,Facebook,51,No
U0661,LinkedIn,26,Yes
U0662,Google Ads,49,No
U0663,Facebook,94,No
U0664,LinkedIn,78,Yes
U0665,Twitter,22,Yes
U0666,LinkedIn,87,Yes
U0667,LinkedIn,43,Yes
U0668,Email,76,Yes
U0669,Email,21,Yes
U0670,Facebook,42,Yes
U0671,Google Ads,36,Yes
U0672,Google Ads,60,No
U0673,Google Ads,96,Yes
U0674,Email,55,Yes
U0675,Google Ads,2,Yes
U0676,Facebook,62,Yes
U0677,Facebook,18,Yes
U0678,Email,22,Yes
U0679,Facebook,28,Yes
U0680,LinkedIn,29,Yes
U0681,Google Ads,38,No
U0682,Google Ads,24,No
U0683,Email,100,No
U0684,LinkedIn,7,Yes
U0685,Google Ads,57,No
U0686,Email,15,Yes
U0687,Email,71,Yes
U0688,Google Ads,0,Yes
U0689,LinkedIn,4,Yes
U0690,LinkedIn,2,Yes
U0691,Email,64,Yes
U0692,LinkedIn,3,Yes
U0693,LinkedIn,98,Yes
U0694,Email,95,No
U0695,LinkedIn,63,No
U0696,Email,97,No
U0697,Email,88,No
U0698,Email,9,Yes
U0699,LinkedIn,20,Yes
U0700,Facebook,45,Yes
U0701,LinkedIn,90,No
U0702,LinkedIn,26,Yes
U0703,Facebook,65,No
U0704,LinkedIn,40,Yes
U0705,Facebook,12,Yes
U0706,Google Ads,8,Yes
U0707,Email,35,No
U0708,Facebook,85,No
U0709,LinkedIn,89,No
U0710,LinkedIn,57,Yes
U0711,Google Ads,53,Yes
U0712,Facebook,11,Yes
U0713,Google Ads,80,Yes
U0714,Email,77,No
U0715,Twitter,13,Yes
U0716,Email,33,Yes
U0717,Google Ads,52,No
U0718,Email,19,No
U0719,Google Ads,74,Yes
U0720,LinkedIn,15,Yes
U0721,Facebook,94,Yes
U0722,LinkedIn,69,Yes
U0723,Google Ads,55,Yes
U0724,Twitter,82,No
U0725,Google Ads,100,Yes
U0726,Email,57,No
U0727,Twitter,3,Yes
U0728,Facebook,3,Yes
U0729,Twitter,19,Yes
U0730,Email,9,Yes
U0731,Facebook,23,Yes
U0732,Google Ads,98,No
U0733,Email,25,Yes
U0734,Facebook,36,No
U0735,Email,84,No
U0736,Google Ads,53,No
U0737,Email,20,Yes
U0738,Facebook,73,No
U0739,LinkedIn,37,No
U0740,Twitter,45,Yes
U0741,Twitter,3,Yes
U0742,Email,59,Yes
U0743,Facebook,56,No
U0744,LinkedIn,44,Yes
U0745,Facebook,19,No
U0746,Facebook,16,Yes
U0747,Google Ads,70,No
U0748,Google Ads,3,Yes
U0749,LinkedIn,92,No
U0750,Email,13,Yes
U0751,Google Ads,2,Yes
U0752,Google Ads,87,Yes
U0753,Twitter,100,No
U0754,Google Ads,79,No
U0755,Google Ads,57,Yes
U0756,Facebook,54,Yes
U0757,LinkedIn,3,Yes
U0758,Email,23,Yes
U0759,Facebook,33,No
U0760,Facebook,29,Yes
U0761,Email,81,Yes
U0762,Email,18,Yes
U0763,Google Ads,30,No
U0764,Twitter,59,No
U0765,Facebook,59,No
U0766,Google Ads,18,No
U0767,Twitter,48,Yes
U0768,Google Ads,62,No
U0769,Email,82,Yes
U0770,Google Ads,21,Yes
U0771,Google Ads,23,No
U0772,Twitter,75,No
U0773,Google Ads,29,Yes
U0774,LinkedIn,57,Yes
U0775,Facebook,30,Yes
U0776,Facebook,99,Yes
U0777,Facebook,63,Yes
U0778,Email,18,Yes
U0779,Google Ads,47,Yes
U0780,LinkedIn,44,No
U0781,Google Ads,99,No
U0782,Twitter,93,No
U0783,Facebook,54,No
U0784,LinkedIn,54,No
U0785,LinkedIn,96,No
U0786,LinkedIn,17,Yes
U0787,LinkedIn,62,No
U0788,LinkedIn,91,Yes
U0789,Email,46,Yes
U0790,Facebook,74,Yes
U0791,Facebook,56,Yes
U0792,Twitter,44,Yes
U0793,Email,32,Yes
U0794,LinkedIn,16,Yes
U0795,Google Ads,69,No
U0796,Facebook,3,Yes
U0797,Facebook,19,Yes
U0798,Email,46,No
U0799,Google Ads,90,No
U0800,Facebook,14,Yes
U0801,Google Ads,69,No
U0802,Facebook,46,Yes
U0803,Email,77,Yes
U0804,Google Ads,74,No
U0805,LinkedIn,8,Yes
U0806,Google Ads,89,Yes
U0807,Google Ads,15,Yes
U0808,Facebook,68,Yes
U0809,Facebook,60,Yes
U0810,Google Ads,9,Yes
U0811,Google Ads,49,No
U0812,Email,2,Yes
U0813,Google Ads,76,Yes
U0814,Email,93,No
U0815,LinkedIn,69,No
U0816,LinkedIn,80,No
U0817,Facebook,50,Yes
U0818,Google Ads,18,Yes
U0819,Facebook,41,Yes
U0820,Facebook,34,Yes
U0821,Twitter,45,Yes
U0822,Facebook,25,Yes
U0823,Google Ads,68,No
U0824,Email,92,No
U0825,Email,63,Yes
U0826,Email,36,Yes
U0827,Facebook,83,Yes
U0828,Google Ads,48,Yes
U0829,Google Ads,20,Yes
U0830,Facebook,73,No
U0831,Google Ads,63,No
U0832,Facebook,4,Yes
U0833,Facebook,99,Yes
U0834,Google Ads,69,Yes
U0835,Facebook,89,No
U0836,Email,3,Yes
U0837,Email,38,Yes
U0838,LinkedIn,34,No
U0839,Facebook,0,Yes
U0840,Facebook,23,Yes
U0841,Facebook,56,No
U0842,Email,99,No
U0843,Email,69,Yes
U0844,Facebook,40,Yes
U0845,Twitter,53,Yes
U0846,Facebook,45,No
U0847,Google Ads,59,Yes
U0848,Email,59,Yes
U0849,LinkedIn,56,Yes
U0850,Email,30,Yes
U0851,LinkedIn,83,Yes
U0852,Google Ads,23,Yes
U0853,LinkedIn,88,No
U0854,Facebook,35,No
U0855,LinkedIn,84,Yes
U0856,Google Ads,29,Yes
U0857,LinkedIn,23,Yes
U0858,Google Ads,29,Yes
U0859,Email,85,Yes
U0860,Google Ads,91,No
U0861,Email,6,No
U0862,Facebook,34,Yes
U0863,Facebook,54,Yes
U0864,Facebook,91,No
U0865,Facebook,13,Yes
U0866,LinkedIn,9,Yes
U0867,Facebook,79,No
U0868,Twitter,15,Yes
U0869,Google Ads,53,No
U0870,Facebook,94,No
U0871,LinkedIn,88,No
U0872,Email,76,No
U0873,Google Ads,69,Yes
U0874,Email,43,Yes
U0875,Email,72,No
U0876,Facebook,44,Yes
U0877,Twitter,99,No
U0878,Twitter,55,No
U0879,Email,83,Yes
U0880,Facebook,81,No
U0881,Email,56,Yes
U0882,Facebook,20,Yes
U0883,Facebook,67,Yes
U0884,Google Ads,49,Yes
U0885,Google Ads,32,Yes
U0886,LinkedIn,90,Yes
U0887,Email,6,Yes
U0888,Email,69,No
U0889,Google Ads,14,Yes
U0890,Google Ads,81,Yes
U0891,Google Ads,31,Yes
U0892,Twitter,74,No
U0893,Facebook,19,Yes
U0894,LinkedIn,87,No
U0895,Email,14,Yes
U0896,Google Ads,47,No
U0897,Email,70,No
U0898,Google Ads,20,Yes
U0899,LinkedIn,41,Yes
U0900,Twitter,25,Yes
U0901,Google Ads,13,Yes
U0902,Google Ads,56,Yes
U0903,Email,36,No
U0904,Twitter,57,No
U0905,Facebook,20,No
U0906,Email,81,No
U0907,Email,68,No
U0908,Email,2,Yes
U0909,Facebook,86,Yes
U0910,Email,89,Yes
U0911,Twitter,36,Yes
U0912,Facebook,87,Yes
U0913,Facebook,48,Yes
U0914,Twitter,18,Yes
U0915,Facebook,88,No
U0916,LinkedIn,84,Yes
U0917,Google Ads,11,Yes
U0918,Facebook,60,No
U0919,LinkedIn,40,Yes
U0920,Google Ads,32,Yes
U0921,Google Ads,49,Yes
U0922,Google Ads,67,Yes
U0923,Email,70,Yes
U0924,Facebook,85,No
U0925,Google Ads,32,Yes
U0926,Twitter,80,No
U0927,Google Ads,23,No
U0928,Email,60,Yes
U0929,Google Ads,60,No
U0930,LinkedIn,97,No
U0931,Facebook,27,Yes
U0932,Twitter,57,Yes
U0933,Google Ads,42,Yes
U0934,Facebook,40,Yes
U0935,Facebook,38,Yes
U0936,Facebook,85,No
U0937,Google Ads,48,Yes
U0938,Google Ads,16,Yes
U0939,LinkedIn,97,Yes
U0940,Google Ads,69,No
U0941,Facebook,69,No
U0942,Email,97,No
U0943,Email,64,No
U0944,Facebook,73,No
U0945,Facebook,84,Yes
U0946,Facebook,4,No
U0947,Email,1,Yes
U0948,Email,21,No
U0949,Google Ads,56,No
U0950,LinkedIn,65,Yes
U0951,LinkedIn,73,Yes
U0952,Email,97,Yes
U0953,LinkedIn,15,Yes
U0954,Facebook,50,Yes
U0955,Facebook,38,No
U0956,Google Ads,85,No
U0957,Facebook,75,No
U0958,Google Ads,87,Yes
U0959,Twitter,39,Yes
U0960,Facebook,37,Yes
U0961,Facebook,59,Yes
U0962,Google Ads,58,Yes
U0963,Twitter,9,Yes
U0964,Google Ads,98,Yes
U0965,Google Ads,63,No
U0966,Facebook,62,Yes
U0967,Facebook,48,No
U0968,Twitter,63,Yes
U0969,Twitter,31,Yes
U0970,Facebook,6,Yes
U0971,Twitter,20,No
U0972,Email,19,Yes
U0973,LinkedIn,25,Yes
U0974,Google Ads,67,No
U0975,Google Ads,85,No
U0976,Google Ads,14,Yes
U0977,Email,84,No
U0978,Facebook,78,Yes
U0979,Facebook,85,Yes
U0980,Google Ads,91,No
U0981,Email,13,Yes
U0982,Facebook,26,Yes
U0983,Email,39,Yes
U0984,Twitter,57,Yes
U0985,Facebook,27,Yes
U0986,Email,25,Yes
U0987,Google Ads,62,Yes
U0988,LinkedIn,65,Yes
U0989,Facebook,24,Yes
U0990,Email,2,Yes
U0991,LinkedIn,71,No
U0992,Twitter,43,Yes
U0993,Email,96,Yes
U0994,Google Ads,41,Yes
U0995,Email,98,Yes
U0996,LinkedIn,5,Yes
U0997,Email,38,Yes
U0998,Facebook,51,Yes
U0999,Twitter,22,Yes
U1000,Email,88,No
