LeadID,Lead Source,Lead Score,Converted
L0001,Twitter,22,No
L0002,Google Ads,90,No
L0003,Twitter,15,No
L0004,Facebook,92,Yes
L0005,Email,86,Yes
L0006,Email,69,Yes
L0007,Email,99,No
L0008,Facebook,23,Yes
L0009,Email,63,Yes
L0010,Google Ads,13,No
L0011,Email,48,No
L0012,Google Ads,81,No
L0013,LinkedIn,34,No
L0014,Facebook,86,No
L0015,LinkedIn,41,No
L0016,LinkedIn,68,No
L0017,LinkedIn,72,No
L0018,Google Ads,47,No
L0019,Google Ads,62,Yes
L0020,Twitter,76,No
L0021,Facebook,37,No
L0022,Google Ads,12,No
L0023,Email,89,Yes
L0024,Email,31,No
L0025,Facebook,47,No
L0026,Email,81,Yes
L0027,LinkedIn,81,Yes
L0028,Facebook,71,No
L0029,Twitter,66,No
L0030,Facebook,15,No
L0031,Google Ads,87,Yes
L0032,Facebook,41,No
L0033,Facebook,19,No
L0034,Twitter,12,No
L0035,Google Ads,68,No
L0036,Google Ads,85,Yes
L0037,Facebook,58,Yes
L0038,Google Ads,68,Yes
L0039,Google Ads,40,Yes
L0040,Google Ads,78,Yes
L0041,Google Ads,71,No
L0042,LinkedIn,61,Yes
L0043,Google Ads,98,Yes
L0044,Google Ads,50,No
L0045,Facebook,40,No
L0046,LinkedIn,94,Yes
L0047,Google Ads,93,No
L0048,Google Ads,31,No
L0049,Facebook,13,No
L0050,Twitter,22,No
L0051,Facebook,54,No
L0052,LinkedIn,51,No
L0053,Google Ads,58,No
L0054,Facebook,29,Yes
L0055,LinkedIn,86,No
L0056,Google Ads,90,Yes
L0057,LinkedIn,63,Yes
L0058,Twitter,45,No
L0059,LinkedIn,10,Yes
L0060,Facebook,24,No
L0061,LinkedIn,86,Yes
L0062,Google Ads,26,No
L0063,LinkedIn,33,No
L0064,Email,67,No
L0065,LinkedIn,81,No
L0066,Google Ads,100,No
L0067,Google Ads,32,Yes
L0068,Facebook,55,No
L0069,LinkedIn,81,No
L0070,Google Ads,17,No
L0071,Google Ads,68,No
L0072,LinkedIn,99,No
L0073,Google Ads,68,No
L0074,Facebook,22,No
L0075,Google Ads,48,No
L0076,Google Ads,37,Yes
L0077,Google Ads,98,Yes
L0078,Facebook,70,No
L0079,Facebook,25,No
L0080,Facebook,11,No
L0081,Email,91,Yes
L0082,Facebook,26,No
L0083,Google Ads,39,Yes
L0084,Twitter,22,No
L0085,Facebook,91,No
L0086,Google Ads,22,Yes
L0087,LinkedIn,52,Yes
L0088,Twitter,94,Yes
L0089,Email,30,No
L0090,Email,64,Yes
L0091,LinkedIn,90,No
L0092,Google Ads,49,No
L0093,LinkedIn,92,No
L0094,Facebook,24,No
L0095,Twitter,82,Yes
L0096,Google Ads,61,No
L0097,Google Ads,83,Yes
L0098,Facebook,62,No
L0099,Email,96,No
L0100,Facebook,61,No
L0101,LinkedIn,39,No
L0102,LinkedIn,42,No
L0103,Facebook,66,No
L0104,LinkedIn,61,No
L0105,LinkedIn,18,No
L0106,Email,63,Yes
L0107,Google Ads,10,No
L0108,Facebook,53,No
L0109,Facebook,84,Yes
L0110,Google Ads,89,Yes
L0111,Twitter,18,No
L0112,Facebook,41,No
L0113,LinkedIn,24,Yes
L0114,Google Ads,21,No
L0115,Google Ads,87,Yes
L0116,LinkedIn,66,Yes
L0117,LinkedIn,17,Yes
L0118,Google Ads,81,No
L0119,Google Ads,36,No
L0120,Google Ads,71,No
L0121,Facebook,21,No
L0122,Facebook,74,No
L0123,Google Ads,51,No
L0124,Google Ads,71,No
L0125,Email,20,Yes
L0126,Google Ads,52,No
L0127,Google Ads,26,No
L0128,Google Ads,41,No
L0129,Email,94,Yes
L0130,LinkedIn,94,No
L0131,Google Ads,49,No
L0132,LinkedIn,32,No
L0133,Facebook,65,Yes
L0134,Google Ads,15,No
L0135,Google Ads,95,No
L0136,Google Ads,59,No
L0137,Email,46,No
L0138,LinkedIn,73,No
L0139,Facebook,63,No
L0140,Email,81,Yes
L0141,Google Ads,58,Yes
L0142,Facebook,20,Yes
L0143,Facebook,97,No
L0144,Google Ads,58,No
L0145,Facebook,30,Yes
L0146,Facebook,75,Yes
L0147,Facebook,72,Yes
L0148,Google Ads,92,Yes
L0149,Email,37,No
L0150,Google Ads,26,Yes
L0151,Twitter,15,No
L0152,Google Ads,28,Yes
L0153,LinkedIn,65,Yes
L0154,LinkedIn,37,No
L0155,Email,75,No
L0156,Google Ads,47,No
L0157,LinkedIn,46,No
L0158,Facebook,77,Yes
L0159,Google Ads,95,Yes
L0160,Google Ads,99,No
L0161,Google Ads,58,Yes
L0162,Facebook,52,No
L0163,Twitter,45,Yes
L0164,Email,67,Yes
L0165,Google Ads,22,No
L0166,Twitter,61,Yes
L0167,Google Ads,67,Yes
L0168,Twitter,41,No
L0169,Google Ads,90,Yes
L0170,Facebook,69,Yes
L0171,LinkedIn,92,No
L0172,Email,67,Yes
L0173,LinkedIn,65,No
L0174,Twitter,37,Yes
L0175,LinkedIn,10,No
L0176,Email,51,Yes
L0177,LinkedIn,91,Yes
L0178,Email,57,No
L0179,Google Ads,49,No
L0180,LinkedIn,72,No
L0181,Facebook,85,No
L0182,Email,81,No
L0183,LinkedIn,97,No
L0184,Email,89,Yes
L0185,Email,13,No
L0186,LinkedIn,47,Yes
L0187,Google Ads,36,Yes
L0188,LinkedIn,18,No
L0189,Facebook,25,No
L0190,Facebook,65,No
L0191,Facebook,85,No
L0192,Google Ads,40,No
L0193,Google Ads,97,Yes
L0194,LinkedIn,23,No
L0195,Google Ads,34,Yes
L0196,Google Ads,43,No
L0197,Facebook,76,No
L0198,Google Ads,33,No
L0199,Email,82,Yes
L0200,Facebook,35,No
L0201,Facebook,29,Yes
L0202,Facebook,73,Yes
L0203,Facebook,19,Yes
L0204,Google Ads,92,No
L0205,Facebook,76,Yes
L0206,Email,33,Yes
L0207,LinkedIn,14,No
L0208,Google Ads,76,Yes
L0209,Twitter,67,Yes
L0210,Google Ads,36,No
L0211,Google Ads,89,Yes
L0212,Twitter,24,No
L0213,Facebook,44,No
L0214,Twitter,85,Yes
L0215,Facebook,62,Yes
L0216,Google Ads,53,Yes
L0217,Facebook,35,No
L0218,Email,56,No
L0219,Email,43,No
L0220,Email,96,No
L0221,Google Ads,59,No
L0222,Google Ads,93,Yes
L0223,Facebook,21,No
L0224,Google Ads,96,Yes
L0225,Twitter,13,No
L0226,Google Ads,96,No
L0227,LinkedIn,57,No
L0228,LinkedIn,64,Yes
L0229,Google Ads,10,No
L0230,Email,98,No
L0231,Facebook,75,Yes
L0232,Facebook,39,No
L0233,Facebook,12,No
L0234,Google Ads,30,No
L0235,Google Ads,98,No
L0236,Google Ads,93,Yes
L0237,Google Ads,58,Yes
L0238,Google Ads,95,Yes
L0239,Email,94,No
L0240,LinkedIn,71,Yes
L0241,Facebook,47,Yes
L0242,Facebook,24,No
L0243,Email,61,No
L0244,Google Ads,88,No
L0245,Email,55,No
L0246,Google Ads,34,No
L0247,Google Ads,30,No
L0248,Facebook,97,Yes
L0249,Facebook,14,No
L0250,Email,79,No
L0251,Google Ads,56,No
L0252,LinkedIn,96,No
L0253,LinkedIn,77,Yes
L0254,Google Ads,100,No
L0255,LinkedIn,27,Yes
L0256,Google Ads,30,No
L0257,Google Ads,95,Yes
L0258,Email,32,No
L0259,Google Ads,73,No
L0260,Google Ads,76,Yes
L0261,Facebook,49,No
L0262,Google Ads,19,No
L0263,LinkedIn,98,Yes
L0264,LinkedIn,61,Yes
L0265,Email,81,No
L0266,Email,84,Yes
L0267,Google Ads,70,Yes
L0268,Google Ads,73,Yes
L0269,Facebook,14,No
L0270,Google Ads,62,Yes
L0271,Google Ads,64,No
L0272,Twitter,46,Yes
L0273,Google Ads,65,Yes
L0274,Google Ads,68,Yes
L0275,Google Ads,78,Yes
L0276,Email,82,Yes
L0277,Email,68,Yes
L0278,Facebook,11,No
L0279,Google Ads,74,Yes
L0280,LinkedIn,69,Yes
L0281,Google Ads,60,Yes
L0282,Facebook,39,Yes
L0283,Email,20,No
L0284,LinkedIn,85,No
L0285,Facebook,48,No
L0286,LinkedIn,99,No
L0287,LinkedIn,86,No
L0288,Google Ads,81,Yes
L0289,Twitter,72,No
L0290,LinkedIn,73,Yes
L0291,LinkedIn,70,Yes
L0292,Email,63,No
L0293,Facebook,82,No
L0294,Facebook,67,No
L0295,Google Ads,94,No
L0296,Facebook,65,No
L0297,Google Ads,43,No
L0298,LinkedIn,40,No
L0299,LinkedIn,61,No
L0300,Email,98,Yes
L0301,LinkedIn,85,Yes
L0302,LinkedIn,10,No
L0303,Google Ads,64,Yes
L0304,Facebook,31,Yes
L0305,Google Ads,49,No
L0306,Email,10,Yes
L0307,Google Ads,74,No
L0308,Email,72,Yes
L0309,Facebook,63,Yes
L0310,Email,51,No
L0311,LinkedIn,30,No
L0312,Email,88,Yes
L0313,Twitter,90,Yes
L0314,LinkedIn,31,No
L0315,Twitter,47,No
L0316,Twitter,89,Yes
L0317,LinkedIn,17,No
L0318,Email,71,No
L0319,Facebook,56,No
L0320,Google Ads,26,No
L0321,Google Ads,26,Yes
L0322,Google Ads,99,Yes
L0323,Google Ads,22,No
L0324,Twitter,26,No
L0325,LinkedIn,47,No
L0326,LinkedIn,90,No
L0327,Google Ads,87,No
L0328,Facebook,54,No
L0329,Facebook,15,No
L0330,Google Ads,44,No
L0331,Facebook,23,No
L0332,Facebook,81,Yes
L0333,Twitter,70,No
L0334,Email,24,No
L0335,Google Ads,63,No
L0336,Facebook,36,No
L0337,Google Ads,22,No
L0338,Facebook,40,No
L0339,Twitter,44,No
L0340,Google Ads,69,Yes
L0341,Google Ads,15,No
L0342,Google Ads,78,Yes
L0343,Facebook,95,Yes
L0344,Email,67,Yes
L0345,Email,58,No
L0346,Email,32,No
L0347,Facebook,98,Yes
L0348,Google Ads,43,No
L0349,Google Ads,35,No
L0350,LinkedIn,56,No
L0351,Google Ads,14,No
L0352,Google Ads,99,No
L0353,Email,29,No
L0354,Email,15,No
L0355,Google Ads,79,No
L0356,Google Ads,68,Yes
L0357,Google Ads,73,No
L0358,LinkedIn,27,Yes
L0359,Google Ads,13,No
L0360,Twitter,26,No
L0361,Google Ads,23,No
L0362,Twitter,87,No
L0363,LinkedIn,22,No
L0364,Google Ads,16,No
L0365,LinkedIn,53,Yes
L0366,Facebook,24,No
L0367,Twitter,28,Yes
L0368,Email,72,No
L0369,Facebook,44,Yes
L0370,Email,90,No
L0371,Twitter,44,No
L0372,Facebook,28,Yes
L0373,Google Ads,29,No
L0374,Email,44,No
L0375,LinkedIn,41,No
L0376,Google Ads,57,No
L0377,Facebook,53,No
L0378,Facebook,33,No
L0379,Google Ads,70,No
L0380,Google Ads,26,No
L0381,Twitter,80,No
L0382,Facebook,59,No
L0383,Email,74,Yes
L0384,Facebook,41,Yes
L0385,Facebook,45,Yes
L0386,Google Ads,22,No
L0387,Google Ads,79,No
L0388,Email,67,No
L0389,Twitter,23,No
L0390,Email,46,No
L0391,Twitter,88,Yes
L0392,LinkedIn,77,No
L0393,Google Ads,49,Yes
L0394,LinkedIn,68,No
L0395,Email,89,Yes
L0396,Facebook,25,No
L0397,Email,71,No
L0398,Facebook,13,Yes
L0399,Google Ads,54,No
L0400,Email,99,Yes
L0401,Facebook,37,No
L0402,Facebook,75,No
L0403,Twitter,40,No
L0404,Email,12,No
L0405,Facebook,17,Yes
L0406,Email,33,Yes
L0407,Google Ads,24,No
L0408,Google Ads,52,Yes
L0409,Twitter,40,No
L0410,Email,82,Yes
L0411,Google Ads,54,No
L0412,LinkedIn,75,No
L0413,LinkedIn,17,No
L0414,Facebook,80,Yes
L0415,Facebook,66,No
L0416,Facebook,89,No
L0417,Email,39,No
L0418,Email,83,No
L0419,Email,27,Yes
L0420,Twitter,78,Yes
L0421,LinkedIn,48,No
L0422,Facebook,69,No
L0423,Google Ads,52,No
L0424,Google Ads,54,No
L0425,Google Ads,32,No
L0426,Email,78,Yes
L0427,LinkedIn,15,No
L0428,Google Ads,65,Yes
L0429,Google Ads,13,No
L0430,LinkedIn,32,No
L0431,Google Ads,15,No
L0432,Facebook,41,Yes
L0433,Google Ads,27,Yes
L0434,Facebook,24,Yes
L0435,Twitter,49,Yes
L0436,Facebook,82,No
L0437,Google Ads,83,Yes
L0438,Google Ads,93,Yes
L0439,Twitter,15,No
L0440,Facebook,72,No
L0441,Facebook,76,No
L0442,Facebook,20,Yes
L0443,Facebook,52,Yes
L0444,Facebook,26,Yes
L0445,Email,13,No
L0446,Facebook,72,Yes
L0447,Facebook,77,No
L0448,LinkedIn,90,Yes
L0449,Google Ads,50,Yes
L0450,Google Ads,92,No
L0451,Google Ads,14,No
L0452,Twitter,41,Yes
L0453,Facebook,95,Yes
L0454,LinkedIn,79,No
L0455,LinkedIn,44,No
L0456,Facebook,31,No
L0457,Twitter,74,No
L0458,Facebook,93,Yes
L0459,Facebook,31,Yes
L0460,LinkedIn,20,No
L0461,Email,86,No
L0462,Email,12,No
L0463,Facebook,18,No
L0464,Google Ads,69,Yes
L0465,LinkedIn,85,Yes
L0466,Google Ads,96,No
L0467,Google Ads,23,No
L0468,Facebook,27,Yes
L0469,Facebook,82,Yes
L0470,LinkedIn,32,No
L0471,Google Ads,83,Yes
L0472,Twitter,92,Yes
L0473,Google Ads,56,No
L0474,Email,78,No
L0475,Facebook,56,No
L0476,Google Ads,96,Yes
L0477,Facebook,39,No
L0478,Google Ads,34,Yes
L0479,Google Ads,37,No
L0480,Twitter,34,No
L0481,Email,83,No
L0482,Facebook,87,No
L0483,Facebook,67,No
L0484,Facebook,50,Yes
L0485,Google Ads,34,Yes
L0486,LinkedIn,87,No
L0487,Twitter,57,No
L0488,Facebook,19,No
L0489,Google Ads,84,No
L0490,Google Ads,20,No
L0491,Email,94,Yes
L0492,Google Ads,30,No
L0493,Email,95,No
L0494,Email,54,No
L0495,Facebook,16,No
L0496,LinkedIn,90,Yes
L0497,Facebook,73,No
L0498,Email,73,No
L0499,Google Ads,11,No
L0500,Google Ads,85,No
